adsh,name,fy,fp,AccumulatedOtherComprehensiveIncomeLossNetOfTax,AdjustmentsToAdditionalPaidInCapitalSharebasedCompensationRequisiteServicePeriodRecognitionValue,Assets,CashAndCashEquivalentsAtCarryingValue,CashCashEquivalentsRestrictedCashAndRestrictedCashEquivalents,CommonStockSharesOutstanding,ComprehensiveIncomeNetOfTax,DebtSecuritiesAvailableForSaleExcludingAccruedInterest,EarningsPerShareBasic,EarningsPerShareDiluted,IncomeLossFromContinuingOperationsBeforeIncomeTaxesExtraordinaryItemsNoncontrollingInterest,IncomeTaxExpenseBenefit,Liabilities,NetIncomeLoss,OperatingIncomeLoss,ProvisionForLoanLossesExpensed,RevenueFromContractWithCustomerExcludingAssessedTax,Revenues,StockholdersEquity
0001628280-21-010389,"AIRBNB, INC.",2021.0,Q1,439000.0,533218000.0,22830576000.0,10664465000.0,25436829000.0,2951643000.0,-1528647000.0,,,,-1522992000.0,-10176000.0,16769370000.0,-3025632000.0,-772434000.0,,3457532000.0,,8272180000.0
0001628280-21-016979,"AIRBNB, INC.",2021.0,Q2,2646000.0,1668378000.0,25976309000.0,11974760000.0,30637127000.0,3838734000.0,-2795529000.0,,,,-2915756000.0,-115330000.0,19681325000.0,-5600852000.0,-2041420000.0,,10137412000.0,,11765292000.0
0001559720-21-000017,"AIRBNB, INC.",2021.0,Q3,-513000.0,2074990000.0,24073502000.0,12264146000.0,27731047000.0,3866342000.0,-53208000.0,,,,95646000.0,145825000.0,16722785000.0,-100358000.0,1134493000.0,,21116524000.0,,13826608000.0
0001559720-22-000006,"AIRBNB, INC.",2021.0,Q4/FY,-4254000.0,8030006000.0,24199973000.0,14378165000.0,26977560000.0,2987348000.0,-5610070000.0,,,,-5393848000.0,219441000.0,16522477000.0,-11222178000.0,-3662373000.0,,28350396000.0,,12749478000.0
0001559720-22-000009,"AIRBNB, INC.",2022.0,Q1,-19308000.0,,30776916000.0,13883086000.0,38820350000.0,3747146000.0,-1201364000.0,,,,-1173988000.0,17015000.0,21263787000.0,-2382006000.0,-452076000.0,,4791746000.0,,31148670000.0
0001559720-22-000012,"AIRBNB, INC.",2022.0,Q2,-30923000.0,,32767600000.0,14871999000.0,44590191000.0,5008714000.0,-598932000.0,,,,-521734000.0,48021000.0,22746862000.0,-1139510000.0,183014000.0,,18548958000.0,,48425122000.0
0001559720-22-000019,"AIRBNB, INC.",2022.0,Q3,-48764000.0,,29785064000.0,14585507000.0,39528141000.0,5016564000.0,3154214000.0,,,,3392853000.0,176870000.0,19469215000.0,6431966000.0,3976377000.0,,32157720000.0,,52609584000.0
0001559720-23-000003,"AIRBNB, INC.",2022.0,Q4/FY,-39000000.0,,29746000000.0,14439000000.0,34641000000.0,2759000000.0,-3072000000.0,,,,-2993000000.0,67500000.0,19411000000.0,-6088000000.0,-1359000000.0,,35538000000.0,,24856000000.0
0001559720-23-000010,"AIRBNB, INC.",2023.0,Q1,-62000000.0,,36056000000.0,15544000000.0,50641000000.0,3791000000.0,95000000.0,,,,122000000.0,24100000.0,25205000000.0,196000000.0,-10000000.0,,6654000000.0,,40726000000.0
0001559720-23-000015,"AIRBNB, INC.",2023.0,Q2,-65000000.0,,37226000000.0,15283000000.0,54053000000.0,5068000000.0,2123000000.0,,,,2240000000.0,84000000.0,26607000000.0,3381000000.0,1774000000.0,,25006000000.0,,61334000000.0
0001559720-23-000020,"AIRBNB, INC.",2023.0,Q3,-37000000.0,,37477000000.0,15553000000.0,48177000000.0,6346000000.0,12307000000.0,,,,7079000000.0,-5224000000.0,22794000000.0,20145000000.0,6280000000.0,,40954000000.0,,90660000000.0
0001559720-24-000006,"AIRBNB, INC.",2023.0,Q4/FY,-81000000.0,,36683000000.0,14252000000.0,42165000000.0,3771000000.0,6281000000.0,,,,3791000000.0,-2542000000.0,22958000000.0,12666000000.0,3749000000.0,,72924000000.0,,42802000000.0
0001559720-24-000017,"AIRBNB, INC.",2024.0,Q1,-58000000.0,,45182000000.0,14703000000.0,57171000000.0,3809000000.0,423000000.0,,,,423000000.0,42000000.0,29121000000.0,762000000.0,96000000.0,,7920000000.0,,53824000000.0
0001559720-24-000024,"AIRBNB, INC.",2024.0,Q2,-54000000.0,,46965000000.0,14756000000.0,59941000000.0,5075000000.0,2835000000.0,,,,3137000000.0,346000000.0,30798000000.0,4758000000.0,2136000000.0,,28848000000.0,,79946000000.0
0001559720-24-000032,"AIRBNB, INC.",2024.0,Q3,-96000000.0,,42817000000.0,14544000000.0,53056000000.0,6334000000.0,13085000000.0,,,,8608000000.0,-4462000000.0,26164000000.0,21984000000.0,7158000000.0,,46900000000.0,,115168000000.0
0001018724-20-000004,AMAZON COM INC,2019.0,Q4/FY,-2021000000.0,,1038412000000.0,67842000000.0,110373000000.0,989000000.0,24697000000.0,,94.57,92.44,,12249000000.0,,71049000000.0,91396000000.0,,3969784000000.0,,305206000000.0
0001018724-20-000010,AMAZON COM INC,2020.0,Q1,-3049000000.0,,446486000000.0,63293000000.0,137211000000.0,997000000.0,5044000000.0,,13.54,13.29,,1580000000.0,,35362000000.0,16818000000.0,,540608000000.0,,438582000000.0
0001018724-20-000021,AMAZON COM INC,2020.0,Q2,-2441000000.0,,483562000000.0,73558000000.0,200938000000.0,999000000.0,22096000000.0,,47.32,46.440000000000005,,4064000000.0,,70574000000.0,52526000000.0,,1759136000000.0,,695831000000.0
0001018724-20-000030,AMAZON COM INC,2020.0,Q3,-2015000000.0,,507427000000.0,66022000000.0,204178000000.0,1000000000.0,30414000000.0,,66.23,64.96000000000001,,4949000000.0,,92591000000.0,72078000000.0,,2478884000000.0,,743369000000.0
0001018724-21-000004,AMAZON COM INC,2020.0,Q4/FY,-1166000000.0,,1418182000000.0,78214000000.0,132816000000.0,1001000000.0,43300000000.0,,156.89,153.74,,18104000000.0,,120903000000.0,137161000000.0,,5163951000000.0,,455282000000.0
0001018724-21-000010,AMAZON COM INC,2021.0,Q1,-846000000.0,,644272000000.0,75956000000.0,163954000000.0,1007000000.0,9079000000.0,,21.18,20.799999999999997,,2900000000.0,,58750000000.0,25708000000.0,,735880000000.0,,648112000000.0
0001018724-21-000020,AMAZON COM INC,2021.0,Q2,-705000000.0,,681514000000.0,82502000000.0,241921000000.0,1009000000.0,36619000000.0,,72.98,71.66,,6605000000.0,,115986000000.0,79888000000.0,,2351816000000.0,,1025174000000.0
0001018724-21-000028,AMAZON COM INC,2021.0,Q3,-1255000000.0,,703601000000.0,72066000000.0,241229000000.0,1010000000.0,41575000000.0,,84.78999999999999,83.22999999999999,,8201000000.0,,128914000000.0,96982000000.0,,3199504000000.0,,1094668000000.0
0001018724-22-000005,AMAZON COM INC,2021.0,Q4/FY,-1556000000.0,,1947074000000.0,78342000000.0,147437000000.0,1012000000.0,65942000000.0,,132.06,129.65,,20056000000.0,,128895000000.0,124542000000.0,,5682040000000.0,,674530000000.0
0001018724-22-000013,AMAZON COM INC,2022.0,Q1,-3741000000.0,,831316000000.0,72613000000.0,177113000000.0,1018000000.0,2788000000.0,,10.040000000000003,9.74,,734000000.0,,51905000000.0,19827000000.0,,899848000000.0,,937940000000.0
0001018724-22-000019,AMAZON COM INC,2022.0,Q2,-6158000000.0,,840277000000.0,73698000000.0,265817000000.0,20358000000.0,9736000000.0,,1.3400000000000003,1.31,,1196000000.0,,68336000000.0,67155000000.0,,2774360000000.0,,1430351000000.0
0001018724-22-000023,AMAZON COM INC,2022.0,Q3,-8491000000.0,,848911000000.0,71167000000.0,252778000000.0,20373000000.0,12552000000.0,,2.46,2.42,,3413000000.0,,80290000000.0,72337000000.0,,3740408000000.0,,1471814000000.0
0001018724-23-000004,AMAZON COM INC,2022.0,Q4/FY,-5863000000.0,,2450155000000.0,90108000000.0,169517000000.0,60850000000.0,48472000000.0,,5.4399999999999995,5.34,,8874000000.0,,97011000000.0,109750000000.0,,6849345000000.0,,879504000000.0
0001018724-23-000008,AMAZON COM INC,2023.0,Q1,-8460000000.0,,927053000000.0,103231000000.0,211218000000.0,20500000000.0,-1147000000.0,,-0.07,-0.07,,-474000000.0,,12923000000.0,5810000000.0,,975208000000.0,,1145630000000.0
0001018724-23-000012,AMAZON COM INC,2023.0,Q2,-8167000000.0,,940282000000.0,103417000000.0,305497000000.0,20555000000.0,4049000000.0,,0.8500000000000001,0.8200000000000001,,-140000000.0,,39281000000.0,57866000000.0,,3020144000000.0,,1745638000000.0
0001018724-23-000018,AMAZON COM INC,2023.0,Q3,-9490000000.0,,949558000000.0,103493000000.0,293933000000.0,20572000000.0,19641000000.0,,2.88,2.82,,4443000000.0,,84657000000.0,87729000000.0,,4159148000000.0,,1809508000000.0
0001018724-24-000008,AMAZON COM INC,2023.0,Q4/FY,-7527000000.0,,2856488000000.0,127275000000.0,206997000000.0,61491000000.0,58207000000.0,,5.98,5.87,,17388000000.0,,106783000000.0,135824000000.0,,7792950000000.0,,1159134000000.0
0001018724-24-000083,AMAZON COM INC,2024.0,Q1,-6638000000.0,,1058823000000.0,146239000000.0,287808000000.0,20786000000.0,13559000000.0,,1.38,1.36,,3415000000.0,,57695000000.0,27567000000.0,,1082684000000.0,,1438210000000.0
0001018724-24-000130,AMAZON COM INC,2024.0,Q2,-7033000000.0,,1082672000000.0,144565000000.0,410649000000.0,20873000000.0,53825000000.0,,5.3999999999999995,5.28,,8557000000.0,,164743000000.0,126657000000.0,,3341564000000.0,,2248308000000.0
0001018724-24-000161,AMAZON COM INC,2024.0,Q3,-4958000000.0,,1112480000000.0,148478000000.0,413819000000.0,20894000000.0,85610000000.0,,8.35,8.17,,16010000000.0,,235502000000.0,193687000000.0,,4627804000000.0,,2390182000000.0
0000320193-20-000010,APPLE INC,2020.0,Q1,-1002000000.0,3338000000.0,679134000000.0,242258000000.0,162573000000.0,8828195000.0,42008000000.0,,9.26,9.17,50598000000.0,7623000000.0,499115000000.0,84402000000.0,169773000000.0,,680926000000.0,,809114000000.0
0000320193-20-000052,APPLE INC,2020.0,Q2,-3373000000.0,9896000000.0,658916000000.0,230445000000.0,159003000000.0,8767223000.0,87064000000.0,,19.38,19.23,101512000000.0,15859000000.0,490003000000.0,175642000000.0,373825000000.0,,1561954000000.0,,1175313000000.0
0000320193-20-000062,APPLE INC,2020.0,Q3,-1134000000.0,13141000000.0,655860000000.0,214224000000.0,163327000000.0,8727175000.0,113328000000.0,,23.98,23.78,131991000000.0,19243000000.0,493090000000.0,215210000000.0,467453000000.0,,1980170000000.0,,1100182000000.0
0000320193-20-000096,APPLE INC,2020.0,Q4/FY,-990000000.0,18612000000.0,662404000000.0,230603000000.0,136215000000.0,109024164000.0,171995000000.0,,15.57,15.47,208666000000.0,33533000000.0,506577000000.0,457063000000.0,735980000000.0,,4396302000000.0,,792413000000.0
0000320193-21-000010,APPLE INC,2021.0,Q1,-227000000.0,3813000000.0,677942000000.0,177093000000.0,169397000000.0,33800026000.0,51606000000.0,,2.96,2.9299999999999997,61158000000.0,8506000000.0,546379000000.0,101982000000.0,203189000000.0,,784556000000.0,,622937000000.0
0000320193-21-000056,APPLE INC,2021.0,Q2,-692000000.0,11345000000.0,661046000000.0,190058000000.0,173068000000.0,33663068000.0,115692000000.0,,7.07,7.01,136636000000.0,21040000000.0,526529000000.0,241498000000.0,497141000000.0,,1907234000000.0,,917678000000.0
0000320193-21-000065,APPLE INC,2021.0,Q3,-348000000.0,15069000000.0,653728000000.0,181401000000.0,160328000000.0,33533705000.0,154809000000.0,,8.94,8.87,179605000000.0,23791000000.0,524109000000.0,303728000000.0,627587000000.0,,2413563000000.0,,879636000000.0
0000320193-21-000105,APPLE INC,2021.0,Q4/FY,-243000000.0,21277000000.0,674890000000.0,181619000000.0,151855000000.0,103599986000.0,210739000000.0,,11.97,11.86,242035000000.0,34688000000.0,546461000000.0,414694000000.0,867559000000.0,,4334046000000.0,,654718000000.0
0000320193-22-000007,APPLE INC,2022.0,Q1,-764000000.0,4388000000.0,732193000000.0,180880000000.0,152067000000.0,32767637000.0,62880000000.0,,3.8099999999999996,3.7800000000000002,74820000000.0,11435000000.0,597171000000.0,126770000000.0,255056000000.0,,906259000000.0,,533170000000.0
0000320193-22-000059,APPLE INC,2022.0,Q2,-6331000000.0,13080000000.0,701664000000.0,157511000000.0,144904000000.0,32634354000.0,148096000000.0,,9.71,9.620000000000001,191120000000.0,30455000000.0,571175000000.0,321330000000.0,659828000000.0,,2327711000000.0,,806324000000.0
0000320193-22-000070,APPLE INC,2022.0,Q3,-9134000000.0,17364000000.0,687311000000.0,157169000000.0,139855000000.0,32522164000.0,182942000000.0,,11.790000000000001,11.700000000000001,227840000000.0,33443000000.0,566114000000.0,388794000000.0,803982000000.0,,2857949000000.0,,774786000000.0
0000320193-22-000108,APPLE INC,2022.0,Q4/FY,-10946000000.0,24363000000.0,703757000000.0,139907000000.0,150919000000.0,99490130000.0,241233000000.0,,15.13,15.0,295401000000.0,43507000000.0,589995000000.0,503788000000.0,1056956000000.0,,4972978000000.0,,539178000000.0
0000320193-23-000006,APPLE INC,2023.0,Q1,-24021000000.0,5306000000.0,699502000000.0,96089000000.0,121510000000.0,31785832000.0,61735000000.0,,4.0,3.98,76864000000.0,12236000000.0,592103000000.0,129256000000.0,267628000000.0,,924114000000.0,,484842000000.0
0000320193-23-000064,APPLE INC,2023.0,Q2,-22855000000.0,15452000000.0,684915000000.0,106403000000.0,117215000000.0,31666831000.0,151273000000.0,,10.14,10.07,193906000000.0,30938000000.0,572085000000.0,325936000000.0,687034000000.0,,2379570000000.0,,743956000000.0
0000320193-23-000077,APPLE INC,2023.0,Q3,-22910000000.0,20377000000.0,687793000000.0,112279000000.0,119665000000.0,31591293000.0,179434000000.0,,12.02,11.95,226983000000.0,34539000000.0,576847000000.0,384888000000.0,824171000000.0,,2888256000000.0,,723400000000.0
0000320193-23-000106,APPLE INC,2023.0,Q4/FY,-22561000000.0,28526000000.0,705338000000.0,113928000000.0,131432000000.0,96390521000.0,280432000000.0,,17.98,17.85,342046000000.0,50568000000.0,592520000000.0,582956000000.0,1224265000000.0,,5485396000000.0,,482494000000.0
0000320193-24-000006,APPLE INC,2024.0,Q1,-20830000000.0,6068000000.0,706097000000.0,154274000000.0,119662000000.0,31010284000.0,64185000000.0,,4.08,4.0600000000000005,75946000000.0,12032000000.0,569851000000.0,127828000000.0,267375000000.0,,903033000000.0,,487290000000.0
0000320193-24-000069,APPLE INC,2024.0,Q2,-20412000000.0,17686000000.0,689994000000.0,131394000000.0,116764000000.0,30887747000.0,162945000000.0,,10.2,10.17,188826000000.0,29320000000.0,553654000000.0,319012000000.0,680587000000.0,,2298197000000.0,,759994000000.0
0000320193-24-000081,APPLE INC,2024.0,Q3,-19868000000.0,23175000000.0,684195000000.0,115365000000.0,112247000000.0,30772320000.0,197201000000.0,,12.49,12.440000000000001,228840000000.0,34472000000.0,555341000000.0,388736000000.0,839421000000.0,,2850355000000.0,,752304000000.0
0000320193-24-000123,APPLE INC,2024.0,Q4/FY,-18624000000.0,32452000000.0,717563000000.0,124166000000.0,121586000000.0,93703905000.0,283199000000.0,,18.42,18.32,356324000000.0,65790000000.0,598467000000.0,581068000000.0,1288608000000.0,,5583742000000.0,,465716000000.0
0000927628-20-000102,CAPITAL ONE FINANCIAL CORP,2019.0,Q4/FY,-3964000000.0,1206000000.0,916327000000.0,,92911000000.0,924279705.0,44883000000.0,,26.52,26.36,39236000000.0,11547000000.0,696969000000.0,26314000000.0,,,,,521525000000.0
0000927628-20-000173,CAPITAL ONE FINANCIAL CORP,2020.0,Q1,10648000000.0,188000000.0,1023103000000.0,,71976000000.0,911872482.0,6412000000.0,,-0.22999999999999998,-0.2400000000000002,-163000000.0,-455000000.0,786405000000.0,408000000.0,,,,,439980000000.0
0000927628-20-000242,CAPITAL ONE FINANCIAL CORP,2020.0,Q2,19236000000.0,394000000.0,1040066000000.0,,99617000000.0,912897885.0,15135000000.0,,1.87,1.8200000000000003,1353000000.0,-1237000000.0,807531000000.0,854000000.0,,56130000000.0,,,659198000000.0
0000927628-20-000286,CAPITAL ONE FINANCIAL CORP,2020.0,Q3,21633000000.0,590000000.0,1044040000000.0,,89776000000.0,913959490.0,26757000000.0,,16.41,16.34,21717000000.0,5122000000.0,799073000000.0,8617000000.0,,66052000000.0,,,892516000000.0
0000927628-21-000094,CAPITAL ONE FINANCIAL CORP,2020.0,Q4/FY,9154000000.0,1190000000.0,1192438000000.0,,126869000000.0,915534601.0,54048000000.0,,28.19,28.05,34994000000.0,5869000000.0,838432000000.0,28490000000.0,,92134000000.0,,,551035000000.0
0000927628-21-000175,CAPITAL ONE FINANCIAL CORP,2021.0,Q1,25485000000.0,280000000.0,1036398000000.0,,132094000000.0,915773046.0,5610000000.0,,3.9599999999999995,3.93,5331000000.0,793000000.0,806868000000.0,3121000000.0,,19170000000.0,,,468082000000.0
0000927628-21-000256,CAPITAL ONE FINANCIAL CORP,2021.0,Q2,37040000000.0,544000000.0,1029753000000.0,,146166000000.0,905085971.0,17202000000.0,,14.83,14.75,18093000000.0,2821000000.0,797546000000.0,8865000000.0,,43676000000.0,,,709420000000.0
0000927628-21-000309,CAPITAL ONE FINANCIAL CORP,2021.0,Q3,36070000000.0,774000000.0,1030858000000.0,,126379000000.0,889348150.0,31992000000.0,1348048000000.0,33.2,33.08,42552000000.0,9947000000.0,807183000000.0,18441000000.0,,31223000000.0,,,953356000000.0
0000927628-22-000106,CAPITAL ONE FINANCIAL CORP,2021.0,Q4/FY,11390000000.0,1498000000.0,1211062000000.0,,143285000000.0,872830739.0,64221000000.0,1328355000000.0,43.33,43.17,52948000000.0,10457000000.0,869938000000.0,43116000000.0,,60285000000.0,,,578651000000.0
0000927628-22-000195,CAPITAL ONE FINANCIAL CORP,2022.0,Q1,-603000000.0,428000000.0,1051184000000.0,,142184000000.0,812846259.0,-900000000.0,1252063000000.0,12.71,12.65,14716000000.0,2927000000.0,846600000000.0,6394000000.0,,-558000000.0,,,477532000000.0
0000927628-22-000246,CAPITAL ONE FINANCIAL CORP,2022.0,Q2,-13674000000.0,732000000.0,1065503000000.0,,120163000000.0,797676258.0,6909000000.0,1211407000000.0,37.980000000000004,37.84,44072000000.0,9379000000.0,867229000000.0,18768000000.0,,-1384000000.0,,,713600000000.0
0000927628-22-000306,CAPITAL ONE FINANCIAL CORP,2022.0,Q3,-31530000000.0,992000000.0,1072423000000.0,,114974000000.0,795834870.0,8643000000.0,1161213000000.0,47.44,47.260000000000005,54748000000.0,11813000000.0,870014000000.0,23177000000.0,,9757000000.0,,,942410000000.0
0000927628-23-000117,CAPITAL ONE FINANCIAL CORP,2022.0,Q4/FY,-19326000000.0,1672000000.0,1257570000000.0,,172772000000.0,795177239.0,34200000000.0,1171992000000.0,50.21,50.03,58008000000.0,11570000000.0,935167000000.0,47244000000.0,,57980000000.0,,,572879000000.0
0000927628-23-000168,CAPITAL ONE FINANCIAL CORP,2023.0,Q1,-62806000000.0,502000000.0,1144289000000.0,,127368000000.0,763348983.0,544000000.0,1084011000000.0,7.970000000000001,7.93,8061000000.0,1452000000.0,939008000000.0,3129000000.0,,14407000000.0,,,449314000000.0
0000927628-23-000250,CAPITAL ONE FINANCIAL CORP,2023.0,Q2,-97552000000.0,882000000.0,1147131000000.0,,117608000000.0,762760151.0,-1101000000.0,1059900000000.0,25.009999999999998,24.92,24783000000.0,4662000000.0,936538000000.0,9357000000.0,,43705000000.0,,,665230000000.0
0000927628-23-000296,CAPITAL ONE FINANCIAL CORP,2023.0,Q3,-120548000000.0,1208000000.0,1149275000000.0,,123905000000.0,762309852.0,-9231000000.0,1034914000000.0,33.88,33.769999999999996,33612000000.0,6647000000.0,940158000000.0,12527000000.0,,61784000000.0,,,874288000000.0
0000927628-24-000094,CAPITAL ONE FINANCIAL CORP,2023.0,Q4/FY,-46816000000.0,2278000000.0,1332210000000.0,,215375000000.0,761708311.0,32090000000.0,1064550000000.0,57.0,56.8,61912000000.0,12491000000.0,1004506000000.0,48798000000.0,,59115000000.0,,,574553000000.0
0000927628-24-000174,CAPITAL ONE FINANCIAL CORP,2024.0,Q1,-90318000000.0,662000000.0,1192909000000.0,,173486000000.0,762452952.0,4700000000.0,1074126000000.0,5.46,5.4399999999999995,4988000000.0,888000000.0,967930000000.0,1480000000.0,,22781000000.0,,,446296000000.0
0000927628-24-000264,CAPITAL ONE FINANCIAL CORP,2024.0,Q2,-129523000000.0,1120000000.0,1195083000000.0,,164888000000.0,762245755.0,8799000000.0,1079814000000.0,15.29,15.239999999999998,13230000000.0,1984000000.0,964887000000.0,3604000000.0,,73341000000.0,,,671354000000.0
0000927628-24-000306,CAPITAL ONE FINANCIAL CORP,2024.0,Q3,-126983000000.0,1562000000.0,1192246000000.0,,170034000000.0,761899945.0,22524000000.0,1109447000000.0,28.13,28.06,25697000000.0,4626000000.0,961174000000.0,7800000000.0,,87027000000.0,,,904540000000.0
0000909832-20-000004,COSTCO WHOLESALE CORP /NEW,2020.0,Q2,-2716000000.0,3144000000.0,273962000000.0,28486000000.0,,3522996000.0,5418000000.0,,11.91,11.85,6977000000.0,1648000000.0,61599000000.0,5251000000.0,23370000000.0,,658405000000.0,,31857000000.0
0000909832-20-000009,COSTCO WHOLESALE CORP /NEW,2020.0,Q3,-3114000000.0,3531000000.0,281768000000.0,32322000000.0,,3521907000.0,6116000000.0,,15.7,15.62,9057000000.0,2040000000.0,64345000000.0,6919000000.0,27636000000.0,,859111000000.0,,32045000000.0
0000909832-20-000017,COSTCO WHOLESALE CORP /NEW,2020.0,Q4/FY,-2733000000.0,5298000000.0,283572000000.0,31366000000.0,,2637153000.0,10512000000.0,,41.89,41.65,24706000000.0,6170000000.0,66667000000.0,18456000000.0,39476000000.0,,2012013000000.0,,33527000000.0
0000909832-20-000026,COSTCO WHOLESALE CORP /NEW,2021.0,Q1,-2398000000.0,1932000000.0,115773000000.0,43338000000.0,,2649823000.0,2321000000.0,,4.54,4.52,2478000000.0,441000000.0,81759000000.0,2010000000.0,15852000000.0,,239079000000.0,,33144000000.0
0000909832-21-000003,COSTCO WHOLESALE CORP /NEW,2021.0,Q2,-2258000000.0,3378000000.0,110474000000.0,37146000000.0,,3533798000.0,6447000000.0,,13.05,13.0,7670000000.0,1797000000.0,75640000000.0,5774000000.0,26276000000.0,,738731000000.0,,33936000000.0
0000909832-21-000008,COSTCO WHOLESALE CORP /NEW,2021.0,Q3,-2206000000.0,3717000000.0,112830000000.0,41773000000.0,,3532216000.0,7808000000.0,,18.09,18.04,10700000000.0,2575000000.0,77151000000.0,8008000000.0,32432000000.0,,980731000000.0,,34766000000.0
0000909832-21-000014,COSTCO WHOLESALE CORP /NEW,2021.0,Q4/FY,-2434000000.0,5661000000.0,320448000000.0,38046000000.0,,2643974000.0,12730000000.0,,28.67,28.549999999999997,16812000000.0,4251000000.0,78041000000.0,12668000000.0,33760000000.0,,1535409000000.0,,35848000000.0
0000909832-21-000021,COSTCO WHOLESALE CORP /NEW,2022.0,Q1,-2348000000.0,2193000000.0,123417000000.0,49888000000.0,,2654728000.0,2612000000.0,,5.62,5.6,3116000000.0,590000000.0,86339000000.0,2490000000.0,19662000000.0,,278906000000.0,,36027000000.0
0000909832-22-000005,COSTCO WHOLESALE CORP /NEW,2022.0,Q2,-2383000000.0,3705000000.0,122346000000.0,44011000000.0,,3540506000.0,7322000000.0,,15.77,15.72,9356000000.0,2248000000.0,84292000000.0,6990000000.0,32270000000.0,,855248000000.0,,36982000000.0
0000909832-22-000014,COSTCO WHOLESALE CORP /NEW,2022.0,Q3,-2739000000.0,4017000000.0,123120000000.0,22463000000.0,44954000000.0,3539037000.0,9505000000.0,,22.29,22.24,13190000000.0,3163000000.0,84529000000.0,9886000000.0,39782000000.0,,1150545000000.0,,37532000000.0
0000909832-22-000021,COSTCO WHOLESALE CORP /NEW,2022.0,Q4/FY,-2966000000.0,6051000000.0,357980000000.0,21473000000.0,42122000000.0,2649858000.0,14466000000.0,,33.52,33.43,19887000000.0,5150000000.0,84709000000.0,14853000000.0,39872000000.0,,1757290000000.0,,38206000000.0
0000909832-22-000035,COSTCO WHOLESALE CORP /NEW,2023.0,Q1,-3754000000.0,2376000000.0,130193000000.0,21059000000.0,45068000000.0,2658269000.0,2518000000.0,,6.0600000000000005,6.05,3466000000.0,757000000.0,88070000000.0,2688000000.0,22474000000.0,,312454000000.0,,42113000000.0
0000909832-23-000014,COSTCO WHOLESALE CORP /NEW,2023.0,Q2,-3501000000.0,4038000000.0,131014000000.0,23173000000.0,46250000000.0,3544807000.0,8484000000.0,,18.509999999999998,18.490000000000002,11034000000.0,2753000000.0,87568000000.0,8218000000.0,37334000000.0,,951486000000.0,,43436000000.0
0000909832-23-000028,COSTCO WHOLESALE CORP /NEW,2023.0,Q3,-3509000000.0,4317000000.0,130918000000.0,22696000000.0,45147000000.0,3543455000.0,10083000000.0,,24.26,24.21,14446000000.0,3603000000.0,86698000000.0,10763000000.0,43784000000.0,,1265378000000.0,,44210000000.0
0000909832-23-000042,COSTCO WHOLESALE CORP /NEW,2023.0,Q4/FY,-3634000000.0,6522000000.0,384856000000.0,23903000000.0,47438000000.0,2653994000.0,16641000000.0,,38.65,38.57,23007000000.0,6014000000.0,87455000000.0,17143000000.0,45230000000.0,,1982838000000.0,,45700000000.0
0000909832-23-000065,COSTCO WHOLESALE CORP /NEW,2024.0,Q1,-3648000000.0,2547000000.0,142717000000.0,30711000000.0,51770000000.0,2659665000.0,2819000000.0,,6.65,6.65,3876000000.0,923000000.0,91512000000.0,8859000000.0,23698000000.0,,334626000000.0,,237841000000.0
0000909832-24-000017,COSTCO WHOLESALE CORP /NEW,2024.0,Q2,-3647000000.0,4251000000.0,135317000000.0,22799000000.0,45968000000.0,3546526000.0,9745000000.0,,21.11,21.08,12316000000.0,2945000000.0,89499000000.0,28113000000.0,39558000000.0,,1012598000000.0,,319562000000.0
0000909832-24-000029,COSTCO WHOLESALE CORP /NEW,2024.0,Q3,-3727000000.0,4605000000.0,136905000000.0,24104000000.0,46800000000.0,3545319000.0,12072000000.0,,27.33,27.28,16206000000.0,4078000000.0,90076000000.0,36384000000.0,47132000000.0,,1342256000000.0,,316015000000.0
0000909832-24-000049,COSTCO WHOLESALE CORP /NEW,2024.0,Q4/FY,-3633000000.0,6984000000.0,405982000000.0,23606000000.0,45067000000.0,2656327000.0,18818000000.0,,43.94,43.86,26067000000.0,6780000000.0,90145000000.0,19503000000.0,50384000000.0,,2157459000000.0,,48680000000.0
0000909832-24-000079,COSTCO WHOLESALE CORP /NEW,2025.0,Q1,-3980000000.0,1822000000.0,143217000000.0,20813000000.0,51524000000.0,2660716000.0,3025000000.0,,7.63,7.62,,1025000000.0,95144000000.0,6774000000.0,26930000000.0,,357602000000.0,,198556000000.0
0001628280-21-016861,"DUOLINGO, INC.",2021.0,Q2,,25762000.0,357432000.0,470252000.0,376102000.0,26065000.0,-15977000.0,,-1.24,-1.24,-15925000.0,52000.0,166682000.0,-31954000.0,-16661000.0,,843300000.0,,-1047772000.0
0001562088-21-000026,"DUOLINGO, INC.",2021.0,Q3,,105962000.0,793516000.0,1339860000.0,812069000.0,57169000.0,-80133000.0,,-3.95,-3.95,-79945000.0,188000.0,180867000.0,-160266000.0,-79799000.0,,1200258000.0,,171410000.0
0001562088-22-000039,"DUOLINGO, INC.",2021.0,Q4/FY,,115670000.0,837050000.0,1348824000.0,734255000.0,57996000.0,-75911000.0,,-3.8099999999999996,-3.8099999999999996,-75666000.0,245000.0,222076000.0,-151822000.0,-76018000.0,,1649872000.0,,696778000.0
0001562088-22-000061,"DUOLINGO, INC.",2022.0,Q1,,34274000.0,1345822000.0,2262506000.0,1369202000.0,55743627.0,-25626000.0,,-1.35,-1.35,-25581000.0,45000.0,312052000.0,-51252000.0,-25261000.0,,409740000.0,,1710588000.0
0001562088-22-000135,"DUOLINGO, INC.",2022.0,Q2,,118358000.0,1362361000.0,2290164000.0,1380208000.0,56253627.0,-56068000.0,,-2.14,-2.1399999999999997,-55739000.0,329000.0,321086000.0,-112312000.0,-56285000.0,,1292874000.0,,2579472000.0
0001562088-22-000165,"DUOLINGO, INC.",2022.0,Q3,,240916000.0,1375010000.0,2307778000.0,1823819000.0,56752627.0,-135677000.0,,-4.89,-4.89,-135282000.0,395000.0,328128000.0,-271354000.0,-138497000.0,,1809267000.0,,3822728000.0
0001562088-23-000052,"DUOLINGO, INC.",2022.0,Q4/FY,,263310000.0,1408658000.0,2324204000.0,1342435000.0,63957627.0,-119709000.0,,-5.32,-5.32,-134302000.0,1183000.0,353524000.0,-270970000.0,-141213000.0,,2345889000.0,,1780934000.0
0001562088-23-000103,"DUOLINGO, INC.",2023.0,Q1,,71318000.0,1537726000.0,2498542000.0,2380524000.0,81379000.0,-14736000.0,,-0.37,-0.37,-14824000.0,-88000.0,430460000.0,-29472000.0,-20366000.0,,393762000.0,,4282072000.0
0001562088-23-000175,"DUOLINGO, INC.",2023.0,Q2,,238630000.0,1582150000.0,2573690000.0,2431927000.0,81892000.0,-37376000.0,,-0.96,-0.98,-39812000.0,-2436000.0,443667000.0,-74752000.0,-60164000.0,,1254662000.0,,6531320000.0
0001562088-23-000221,"DUOLINGO, INC.",2023.0,Q3,,338654000.0,1618061000.0,2619834000.0,2463806000.0,82333000.0,-57332000.0,,-1.45,-1.47,-58238000.0,-906000.0,461164000.0,-114664000.0,-89929000.0,,1758968000.0,,6656806000.0
0001562088-24-000050,"DUOLINGO, INC.",2023.0,Q4/FY,,419690000.0,1701304000.0,2711580000.0,2032937000.0,223770000.0,-103642000.0,,-3.69,-3.7299999999999995,-100817000.0,2825000.0,503725000.0,-207284000.0,-138461000.0,,3454128000.0,,3259888000.0
0001562088-24-000113,"DUOLINGO, INC.",2024.0,Q1,,92116000.0,2022624000.0,3154646000.0,2832064000.0,252545000.0,24374000.0,,0.5700000000000001,0.51,23153000.0,-1221000.0,656071000.0,48748000.0,7920000.0,,566428000.0,,4947638000.0
0001562088-24-000207,"DUOLINGO, INC.",2024.0,Q2,,293956000.0,2093400000.0,3271700000.0,2928165000.0,338019000.0,80526000.0,,1.87,1.69,85401000.0,4875000.0,670955000.0,161052000.0,35590000.0,,1984631000.0,,7674336000.0
0001562088-24-000250,"DUOLINGO, INC.",2024.0,Q3,,410600000.0,2173506000.0,1602019000.0,2917406000.0,340304000.0,104784000.0,,2.43,2.21,110919000.0,6135000.0,695552000.0,209568000.0,39563000.0,,2762500000.0,,7996400000.0
0000063908-20-000022,MCDONALDS CORP,2019.0,Q4/FY,-5092200000.0,704400000.0,228251400000.0,5451700000.0,,,17752200000.0,,37.57,37.21,,7265700000.0,,46233700000.0,72782600000.0,,,171945900000.0,-39882000000.0
0000063908-20-000042,MCDONALDS CORP,2020.0,Q1,-5479100000.0,115000000.0,98078800000.0,9433400000.0,,,2011000000.0,,3.23,3.19,,840900000.0,,4870600000.0,7575200000.0,,,19477000000.0,-60626000000.0
0000063908-20-000063,MCDONALDS CORP,2020.0,Q2,-5289000000.0,353800000.0,97449700000.0,13823600000.0,,,6439600000.0,,8.51,8.43,,2152500000.0,,12873400000.0,20515200000.0,,,56162200000.0,-93169800000.0
0000063908-20-000076,MCDONALDS CORP,2020.0,Q3,-5241500000.0,382000000.0,98210100000.0,11015800000.0,,,10728300000.0,,14.85,14.729999999999999,,3494300000.0,,22354000000.0,33788000000.0,,,81501200000.0,-95623800000.0
0000063908-21-000013,MCDONALDS CORP,2020.0,Q4/FY,-5069500000.0,654200000.0,265897600000.0,7677400000.0,,,16271800000.0,,21.91,21.73,,5294700000.0,,33360400000.0,50432800000.0,,,123660200000.0,-51123200000.0
0000063908-21-000018,MCDONALDS CORP,2021.0,Q1,-5222700000.0,106400000.0,103729900000.0,12747100000.0,,,2081300000.0,,3.55,3.5199999999999996,,753500000.0,,5288200000.0,7949800000.0,,,19678000000.0,-65128200000.0
0000063908-21-000030,MCDONALDS CORP,2021.0,Q2,-5158000000.0,375600000.0,104519900000.0,19052200000.0,,,7997100000.0,,10.790000000000001,10.72,,1396700000.0,,16100600000.0,22558600000.0,,,58275600000.0,-95670400000.0
0000063908-21-000039,MCDONALDS CORP,2021.0,Q3,-5250000000.0,406600000.0,105353800000.0,18642300000.0,,,12775200000.0,,17.66,17.54,,3067100000.0,,26344400000.0,37305800000.0,,,85454400000.0,-90906800000.0
0000063908-22-000011,MCDONALDS CORP,2021.0,Q4/FY,-5160500000.0,682400000.0,307983800000.0,9922800000.0,,,18336900000.0,,24.41,24.229999999999997,,4985600000.0,,36602200000.0,53499600000.0,,,127590200000.0,-53789200000.0
0000063908-22-000016,MCDONALDS CORP,2022.0,Q1,-5215600000.0,163200000.0,104732000000.0,7044900000.0,13513700000.0,,2524300000.0,,3.55,3.53,,852300000.0,,5283200000.0,9187800000.0,,,21580400000.0,-51304400000.0
0000063908-22-000041,MCDONALDS CORP,2022.0,Q2,-4820100000.0,462400000.0,103102100000.0,6581700000.0,18435600000.0,,10259300000.0,,12.71,12.63,,1607900000.0,,18912400000.0,26799400000.0,,,68005600000.0,-75660000000.0
0000063908-22-000055,MCDONALDS CORP,2022.0,Q3,-5133400000.0,602400000.0,102355900000.0,7537500000.0,20214300000.0,,13844200000.0,,19.28,19.15,,3422300000.0,,28623800000.0,40995200000.0,,,93086600000.0,-73689800000.0
0000063908-23-000012,MCDONALDS CORP,2022.0,Q4/FY,-5060300000.0,796600000.0,313833400000.0,7293000000.0,11640600000.0,,18449200000.0,,24.85,24.68,,4640900000.0,,36906200000.0,54102000000.0,,,131226600000.0,-53279200000.0
0000063908-23-000036,MCDONALDS CORP,2023.0,Q1,-4976000000.0,208000000.0,102450000000.0,6291900000.0,13336800000.0,,2835700000.0,,3.96,3.93,,901500000.0,,5813400000.0,9690000000.0,,,23126800000.0,-44742600000.0
0000063908-23-000076,MCDONALDS CORP,2023.0,Q2,-4942200000.0,542000000.0,100877600000.0,4209400000.0,16834900000.0,,10691100000.0,,13.51,13.43,,2356300000.0,,19807000000.0,28953600000.0,,,71990400000.0,-67480400000.0
0000063908-23-000101,MCDONALDS CORP,2023.0,Q3,-5032300000.0,699800000.0,102524900000.0,6080100000.0,17115700000.0,,14554000000.0,,20.5,20.36,,3950900000.0,,30005000000.0,43210600000.0,,,97815800000.0,-66788600000.0
0000063908-24-000072,MCDONALDS CORP,2023.0,Q4/FY,-4942600000.0,962200000.0,320873400000.0,7163100000.0,15321400000.0,,22322200000.0,,30.130000000000003,29.93,,5284100000.0,,44382800000.0,62747400000.0,,,143798400000.0,-46272000000.0
0000063908-24-000092,MCDONALDS CORP,2024.0,Q1,-4989000000.0,200000000.0,109660000000.0,5417000000.0,11709000000.0,,3651000000.0,,5.140000000000001,5.11,,944000000.0,,7462000000.0,10536000000.0,,,24133000000.0,-42634000000.0
0000063908-24-000123,MCDONALDS CORP,2024.0,Q2,-4919000000.0,532000000.0,109948000000.0,5371000000.0,14127000000.0,,12526000000.0,,17.1,17.009999999999998,,3023000000.0,,24792000000.0,34633000000.0,,,76084000000.0,-62280000000.0
0000063908-24-000156,MCDONALDS CORP,2024.0,Q3,-4793000000.0,698000000.0,112319000000.0,5800000000.0,14298000000.0,,17304000000.0,,23.79,23.65,,4371000000.0,,34418000000.0,48171000000.0,,,104370000000.0,-61127000000.0
0001065280-20-000040,NETFLIX INC,2019.0,Q4/FY,-43103000.0,1816484000.0,59950112000.0,8812920000.0,39713679000.0,875405246.0,3662131000.0,,15.38,14.870000000000001,,136923000.0,47129190000.0,10352332000.0,5048159000.0,,,155424487000.0,38101696000.0
0001065280-20-000155,NETFLIX INC,2020.0,Q1,-70575000.0,198219000.0,69035622000.0,10170321000.0,48070030000.0,878587267.0,1023568000.0,,2.4000000000000004,2.33,,142410000.0,53044171000.0,2106238000.0,1417340000.0,,,25277350000.0,53866548000.0
0001065280-20-000309,NETFLIX INC,2020.0,Q2,-57593000.0,614335000.0,71150993000.0,12171685000.0,66283858000.0,879822092.0,3041720000.0,,6.91,6.7,,1233754000.0,54234083000.0,6069622000.0,5546034000.0,,,79663416000.0,84749624000.0
0001065280-20-000451,NETFLIX INC,2020.0,Q3,-24668000.0,819515000.0,72598255000.0,13410828000.0,74344277000.0,880601657.0,4967146000.0,,11.28,10.93,,1525208000.0,54682775000.0,9908810000.0,8071891000.0,,,109743129000.0,90914576000.0
0001065280-21-000040,NETFLIX INC,2020.0,Q4/FY,20877000.0,2282426000.0,73256071000.0,13223987000.0,59765460000.0,881701910.0,5904508000.0,,23.83,23.11,,648485000.0,54608674000.0,16307417000.0,8794769000.0,,,195344004000.0,54941184000.0
0001065280-21-000144,NETFLIX INC,2021.0,Q1,48535000.0,204249000.0,79403373000.0,16609255000.0,76923265000.0,886278993.0,2351988000.0,,5.46,5.32,,414590000.0,55454053000.0,4831564000.0,2918112000.0,,,31362043000.0,79881542000.0
0001065280-21-000250,NETFLIX INC,2021.0,Q2,54173000.0,615835000.0,80251328000.0,15983080000.0,90012424000.0,885491149.0,6535646000.0,,14.83,14.43,,1526954000.0,55322217000.0,13124400000.0,9329228000.0,,,96722569000.0,126278790000.0
0001065280-21-000363,NETFLIX INC,2021.0,Q3,24563000.0,812912000.0,82020216000.0,15732231000.0,91618082000.0,885847455.0,8928541000.0,,20.28,19.72,10504601000.0,1537516000.0,55640359000.0,17934170000.0,12263902000.0,,,131318590000.0,134987922000.0
0001065280-22-000036,NETFLIX INC,2021.0,Q4/FY,3903000.0,2447552000.0,83865022000.0,14233354000.0,66331751000.0,886858368.0,9723626000.0,,22.07,21.45,11101683000.0,1357144000.0,56950534000.0,19489078000.0,13384052000.0,,,182081748000.0,79475768000.0
0001065280-22-000145,NETFLIX INC,2022.0,Q1,-114665000.0,226439000.0,89915567000.0,12036750000.0,65033771000.0,888236957.0,3230226000.0,,7.45,7.279999999999999,4014194000.0,710032000.0,56522280000.0,6608324000.0,3931482000.0,,,36162713000.0,114685214000.0
0001065280-22-000257,NETFLIX INC,2022.0,Q2,-184971000.0,730389000.0,90935598000.0,11847253000.0,78112522000.0,888668698.0,8688818000.0,,20.03,19.62,10447880000.0,1555790000.0,56010376000.0,10333041000.0,10783308000.0,,,110009621000.0,180564904000.0
0001065280-22-000368,NETFLIX INC,2022.0,Q3,-288138000.0,972694000.0,92146850000.0,12141537000.0,78222565000.0,888983601.0,11388594000.0,,26.57,26.02,13796649000.0,2003897000.0,55769461000.0,23585504000.0,13933937000.0,,,147321471000.0,191394182000.0
0001065280-23-000035,NETFLIX INC,2022.0,Q4/FY,-257801000.0,2787704000.0,93179431000.0,11174980000.0,24508349000.0,2660321676.0,12175762000.0,,27.91,27.27,14303381000.0,1933834000.0,56552782000.0,24739094000.0,16412629000.0,,,208451473000.0,110548092000.0
0001065280-23-000120,NETFLIX INC,2023.0,Q1,-409001000.0,218308000.0,98085113000.0,11861770000.0,23998213000.0,889883654.0,2894503000.0,,6.53,6.41,3448566000.0,545999000.0,55479516000.0,5805134000.0,3685943000.0,,,38459228000.0,151997768000.0
0001065280-23-000198,NETFLIX INC,2023.0,Q2,-356572000.0,675152000.0,99412241000.0,12809964000.0,37508887000.0,888493527.0,8715871000.0,,19.71,19.4,10053338000.0,1293649000.0,55802625000.0,17519378000.0,10496875000.0,,,116287866000.0,235814146000.0
0001065280-23-000273,NETFLIX INC,2023.0,Q3,-372877000.0,910294000.0,98096554000.0,12500421000.0,38233517000.0,883026445.0,11717571000.0,,27.0,26.56,13812744000.0,1830288000.0,55211526000.0,23964912000.0,13990233000.0,,,156841895000.0,241019182000.0
0001065280-24-000030,NETFLIX INC,2023.0,Q4/FY,-441251000.0,2636080000.0,97326760000.0,12264089000.0,26583078000.0,2643071088.0,14747799000.0,,33.9,33.22,17309437000.0,2293295000.0,55961046000.0,30032284000.0,18781343000.0,,,228562497000.0,135685708000.0
0001065280-24-000128,NETFLIX INC,2024.0,Q1,-335824000.0,175444000.0,97559713000.0,14141679000.0,26053705000.0,863724575.0,3775006000.0,,8.33,8.16,4083453000.0,446124000.0,55605990000.0,7274658000.0,4346851000.0,,,42232384000.0,167628990000.0
0001065280-24-000200,NETFLIX INC,2024.0,Q2,-313059000.0,469036000.0,97830887000.0,13741852000.0,40347015000.0,861924199.0,11195226000.0,,25.01,24.509999999999998,12469829000.0,1562668000.0,55129881000.0,21814322000.0,13206891000.0,,,127760878000.0,258035251000.0
0001065280-24-000287,NETFLIX INC,2024.0,Q3,-568567000.0,612980000.0,101013836000.0,14573938000.0,41398328000.0,860217698.0,15023352000.0,,35.31,34.59,17500647000.0,2192926000.0,57704787000.0,30864130000.0,18428613000.0,,,173654247000.0,261108146000.0
0001713445-24-000006,"REDDIT, INC.",2024.0,Q1,342000.0,1179976000.0,3612363000.0,1894968000.0,2330978000.0,564641910.0,-634723000.0,,-27.72,-27.72,-634579000.0,1353000.0,333493000.0,-1907796000.0,-659857000.0,,1220109000.0,,1236798000.0
0001713445-24-000054,"REDDIT, INC.",2024.0,Q2,-190000.0,1477452000.0,3672829000.0,1308793000.0,3238695000.0,790871970.0,-739219000.0,,-22.5,-22.5,-734575000.0,3773000.0,338424000.0,-2215044000.0,-827913000.0,,4005399000.0,,4107616000.0
0001713445-24-000102,"REDDIT, INC.",2024.0,Q3,4964000.0,1665314000.0,3768175000.0,1351385000.0,2695112000.0,810478357.0,-631193000.0,,-17.82,-17.880000000000003,-638809000.0,3391000.0,349997000.0,-1284400000.0,-769347000.0,,5947908000.0,,4331590000.0
0001564590-20-004475,"TESLA, INC.",2019.0,Q4/FY,-44000000.0,6699000000.0,76752000000.0,16896000000.0,,354000000.0,-3813000000.0,,-22.47,-22.47,-3879000000.0,200000000.0,55032000000.0,-5638000000.0,-2089000000.0,,138208000000.0,219433000000.0,11541000000.0
0001564590-20-019931,"TESLA, INC.",2020.0,Q1,-149000000.0,1422000000.0,84664000000.0,20422000000.0,,366000000.0,-790000000.0,,-4.01,-4.02,-575000000.0,25000000.0,57904000000.0,-686000000.0,-239000000.0,,29200000000.0,31578000000.0,15791000000.0
0001564590-20-033670,"TESLA, INC.",2020.0,Q2,-76000000.0,4980000000.0,85431000000.0,23702000000.0,,367000000.0,-1194000000.0,,-7.5,-7.620000000000001,-1015000000.0,105000000.0,57977000000.0,-1294000000.0,81000000.0,,97572000000.0,105894000000.0,16473000000.0
0001564590-20-047486,"TESLA, INC.",2020.0,Q3,89000000.0,7896000000.0,91876000000.0,30042000000.0,,1853000000.0,58000000.0,,-0.18000000000000008,-0.28,667000000.0,489000000.0,59542000000.0,-42000000.0,2061000000.0,,147468000000.0,159180000000.0,22649000000.0
0001564590-21-004599,"TESLA, INC.",2020.0,Q4/FY,327000000.0,10827000000.0,98210000000.0,29531000000.0,,1865000000.0,-788000000.0,,-1.38,-1.48,-516000000.0,460000000.0,59612000000.0,-1258000000.0,1537000000.0,,218516000000.0,288839000000.0,28843000000.0
0000950170-21-000046,"TESLA, INC.",2021.0,Q1,506000000.0,2661000000.0,115414000000.0,51038000000.0,,1923000000.0,157000000.0,,0.48000000000000004,0.42000000000000004,603000000.0,71000000.0,62636000000.0,454000000.0,877000000.0,,15051000000.0,64043000000.0,45242000000.0
0000950170-21-000524,"TESLA, INC.",2021.0,Q2,569000000.0,7977000000.0,117553000000.0,50672000000.0,,1944000000.0,2921000000.0,,3.0599999999999996,2.66,3489000000.0,343000000.0,62756000000.0,2946000000.0,4155000000.0,,142786000000.0,205119000000.0,47029000000.0
0000950170-21-002253,"TESLA, INC.",2021.0,Q3,483000000.0,11859000000.0,120230000000.0,56435000000.0,,1964000000.0,5595000000.0,,5.66,4.96,6920000000.0,1025000000.0,63783000000.0,5598000000.0,8142000000.0,,218211000000.0,311855000000.0,49278000000.0
0000950170-22-000796,"TESLA, INC.",2021.0,Q4/FY,417000000.0,15399000000.0,124056000000.0,43394000000.0,,1993000000.0,5440000000.0,,5.359999999999999,4.57,6832000000.0,1101000000.0,64756000000.0,5378000000.0,8448000000.0,,413322000000.0,329811000000.0,52414000000.0
0000950170-22-006034,"TESLA, INC.",2022.0,Q1,4000000.0,3384000000.0,137366000000.0,71746000000.0,,2069000000.0,3432000000.0,,3.66,3.25,4159000000.0,415000000.0,67661000000.0,3756000000.0,4197000000.0,,58211000000.0,87435000000.0,64274000000.0
0000950170-22-012936,"TESLA, INC.",2022.0,Q2,-423000000.0,8108000000.0,139993000000.0,71657000000.0,,2074000000.0,9506000000.0,,10.379999999999999,9.200000000000001,11693000000.0,1055000000.0,67642000000.0,10558000000.0,11749000000.0,,174679000000.0,260787000000.0,66565000000.0
0000950170-22-019867,"TESLA, INC.",2022.0,Q3,-888000000.0,11856000000.0,145982000000.0,72705000000.0,,6258000000.0,15187000000.0,,5.52,4.93,18962000000.0,1791000000.0,69771000000.0,16977000000.0,19357000000.0,,258533000000.0,385377000000.0,70040000000.0
0000950170-23-001409,"TESLA, INC.",2022.0,Q4/FY,-307000000.0,17898000000.0,154351000000.0,53368000000.0,,6264000000.0,18471000000.0,,6.14,5.46,21216000000.0,2123000000.0,72584000000.0,18796000000.0,22173000000.0,,336768000000.0,500463000000.0,74893000000.0
0000950170-23-013890,"TESLA, INC.",2023.0,Q1,-586000000.0,2850000000.0,178755000000.0,67508000000.0,,6333000000.0,5863000000.0,,1.87,1.68,6426000000.0,607000000.0,78164000000.0,5831000000.0,6267000000.0,,84854000000.0,126255000000.0,92758000000.0
0000950170-23-033872,"TESLA, INC.",2023.0,Q2,-771000000.0,8334000000.0,182457000000.0,67591000000.0,,6338000000.0,14563000000.0,,5.02,4.54,17248000000.0,1663000000.0,78750000000.0,15755000000.0,15993000000.0,,254140000000.0,377421000000.0,95834000000.0
0001628280-23-034847,"TESLA, INC.",2023.0,Q3,-1053000000.0,11184000000.0,185867000000.0,69439000000.0,,6343000000.0,19009000000.0,,6.7,6.06,23199000000.0,2079000000.0,81975000000.0,21083000000.0,22034000000.0,,674139000000.0,,98170000000.0
0001628280-24-002390,"TESLA, INC.",2023.0,Q4/FY,-504000000.0,18354000000.0,197871000000.0,50361000000.0,,6349000000.0,32566000000.0,,10.620000000000001,9.55,30035000000.0,-3170000000.0,85441000000.0,33072000000.0,29070000000.0,,902219000000.0,,107338000000.0
0001628280-24-017503,"TESLA, INC.",2024.0,Q1,-542000000.0,3129000000.0,223265000000.0,60621000000.0,,6374000000.0,3522000000.0,,1.17,1.07,4353000000.0,670000000.0,94854000000.0,3642000000.0,3835000000.0,,173126000000.0,,127012000000.0
0001628280-24-032662,"TESLA, INC.",2024.0,Q2,-610000000.0,9003000000.0,226627000000.0,62694000000.0,,6379000000.0,11378000000.0,,3.79,3.46,14001000000.0,2102000000.0,96230000000.0,12004000000.0,11843000000.0,,564380000000.0,,129102000000.0
0001628280-24-043486,"TESLA, INC.",2024.0,Q3,-157000000.0,12162000000.0,234064000000.0,66811000000.0,,6392000000.0,15832000000.0,,5.0,4.56,18835000000.0,2922000000.0,99808000000.0,15863000000.0,16801000000.0,,744645000000.0,,132565000000.0
0001618921-20-000008,"WALGREENS BOOTS ALLIANCE, INC.",2020.0,Q1,-7210000000.0,110000000.0,336649000000.0,1834000000.0,4365000000.0,3679055401.0,2324000000.0,,,,2147000000.0,212000000.0,,1968000000.0,2413000000.0,,193765000000.0,,47173000000.0
0001618921-20-000025,"WALGREENS BOOTS ALLIANCE, INC.",2020.0,Q2,-7304000000.0,410000000.0,335845000000.0,2607000000.0,4179000000.0,5473629042.0,7391000000.0,,,,7053000000.0,985000000.0,,6172000000.0,7915000000.0,,594439000000.0,,47232000000.0
0001618921-20-000057,"WALGREENS BOOTS ALLIANCE, INC.",2020.0,Q3,-7768000000.0,494000000.0,332286000000.0,2559000000.0,4163000000.0,5415416733.0,1187000000.0,,,,3450000000.0,830000000.0,,2705000000.0,4401000000.0,,788086000000.0,,44248000000.0
0001618921-20-000082,"WALGREENS BOOTS ALLIANCE, INC.",2020.0,Q4/FY,-7668000000.0,772000000.0,333016000000.0,1539000000.0,6424000000.0,3736973509.0,8741000000.0,,14.72,14.68,11245000000.0,1946000000.0,,13899000000.0,12599000000.0,,2432026000000.0,,44149000000.0
0001618921-21-000005,"WALGREENS BOOTS ALLIANCE, INC.",2021.0,Q1,-7453000000.0,128000000.0,176341000000.0,1627000000.0,4292000000.0,3512982592.0,1210000000.0,,,,362000000.0,-167000000.0,134464000000.0,537000000.0,573000000.0,,308037000000.0,,40696000000.0
0001618921-21-000034,"WALGREENS BOOTS ALLIANCE, INC.",2021.0,Q2,-7077000000.0,418000000.0,178094000000.0,3113000000.0,4252000000.0,5257774200.0,5718000000.0,,5.11,5.1,4099000000.0,198000000.0,135023000000.0,4481000000.0,4323000000.0,,901770000000.0,,41749000000.0
0001618921-21-000056,"WALGREENS BOOTS ALLIANCE, INC.",2021.0,Q3,-6951000000.0,612000000.0,179094000000.0,3914000000.0,4699000000.0,5240843746.0,1768000000.0,,1.73,1.73,-81000000.0,413000000.0,135052000000.0,1487000000.0,1257000000.0,,1200224000000.0,,42738000000.0
0001618921-21-000085,"WALGREENS BOOTS ALLIANCE, INC.",2021.0,Q4/FY,-5880000000.0,822000000.0,168459000000.0,3371000000.0,4198000000.0,3578498075.0,7873000000.0,,11.21,11.19,6800000000.0,1583000000.0,123183000000.0,9978000000.0,8090000000.0,,2389639000000.0,,44056000000.0
0001618921-22-000004,"WALGREENS BOOTS ALLIANCE, INC.",2022.0,Q1,-4410000000.0,142000000.0,177792000000.0,10656000000.0,7623000000.0,3458721348.0,3167000000.0,,3.77,3.77,3207000000.0,68000000.0,120286000000.0,3272000000.0,748000000.0,,319652000000.0,,49682000000.0
0001618921-22-000024,"WALGREENS BOOTS ALLIANCE, INC.",2022.0,Q2,-4437000000.0,596000000.0,173968000000.0,6160000000.0,5354000000.0,5186889230.0,7685000000.0,,8.2,8.190000000000001,6993000000.0,496000000.0,118149000000.0,7090000000.0,4905000000.0,,972560000000.0,,50121000000.0
0001618921-22-000040,"WALGREENS BOOTS ALLIANCE, INC.",2022.0,Q3,-4833000000.0,852000000.0,174044000000.0,2844000000.0,8360000000.0,5188284087.0,7856000000.0,,9.42,9.41,6562000000.0,290000000.0,118747000000.0,8153000000.0,4455000000.0,,1286636000000.0,,49672000000.0
0001618921-22-000064,"WALGREENS BOOTS ALLIANCE, INC.",2022.0,Q4/FY,-4914000000.0,1040000000.0,171409000000.0,3834000000.0,5781000000.0,3491004114.0,8427000000.0,,16.41,16.39,6426000000.0,976000000.0,116862000000.0,14214000000.0,4711000000.0,,2521725000000.0,,48694000000.0
0001618921-23-000005,"WALGREENS BOOTS ALLIANCE, INC.",2023.0,Q1,-5620000000.0,180000000.0,182999000000.0,3707000000.0,12410000000.0,3456197704.0,-345000000.0,,-0.17999999999999972,-0.17999999999999972,-1456000000.0,-1172000000.0,127854000000.0,-141000000.0,-4868000000.0,,200809000000.0,,45851000000.0
0001618921-23-000019,"WALGREENS BOOTS ALLIANCE, INC.",2023.0,Q2,-5459000000.0,726000000.0,190603000000.0,2446000000.0,7848000000.0,5182766888.0,3096000000.0,,3.4900000000000007,3.4800000000000004,1653000000.0,-688000000.0,130599000000.0,3031000000.0,-1982000000.0,,608194000000.0,,46467000000.0
0001618921-23-000043,"WALGREENS BOOTS ALLIANCE, INC.",2023.0,Q3,-5344000000.0,928000000.0,188729000000.0,2229000000.0,9486000000.0,5184100341.0,1626000000.0,,2.61,2.6000000000000005,-701000000.0,-2074000000.0,128803000000.0,2259000000.0,-5019000000.0,,807429000000.0,,46338000000.0
0001618921-23-000062,"WALGREENS BOOTS ALLIANCE, INC.",2023.0,Q4/FY,-5798000000.0,1148000000.0,187946000000.0,2645000000.0,5430000000.0,3459290398.0,4576000000.0,,5.82,5.8,561000000.0,-1221000000.0,128485000000.0,5056000000.0,-3153000000.0,,2660618000000.0,,45295000000.0
0001618921-24-000004,"WALGREENS BOOTS ALLIANCE, INC.",2024.0,Q1,-5988000000.0,199000000.0,194451000000.0,1523000000.0,8574000000.0,3452822448.0,-3802000000.0,,-4.39,-4.39,-5628000000.0,-1521000000.0,138206000000.0,-3788000000.0,-6190000000.0,,337443000000.0,,39501000000.0
0001618921-24-000035,"WALGREENS BOOTS ALLIANCE, INC.",2024.0,Q2,-5890000000.0,600000000.0,180835000000.0,1407000000.0,6122000000.0,5178331534.0,-13692000000.0,,-16.47,-16.47,-30641000000.0,-2945000000.0,136983000000.0,-14198000000.0,-32137000000.0,,631227000000.0,,33504000000.0
0001618921-24-000065,"WALGREENS BOOTS ALLIANCE, INC.",2024.0,Q3,-5887000000.0,744000000.0,179613000000.0,1442000000.0,5271000000.0,5180358779.0,-7586000000.0,,-9.35,-9.35,-18396000000.0,-2853000000.0,135695000000.0,-8069000000.0,-19896000000.0,,841692000000.0,,33662000000.0
0001618921-24-000084,"WALGREENS BOOTS ALLIANCE, INC.",2024.0,Q4/FY,-5890000000.0,1158000000.0,179474000000.0,3405000000.0,7902000000.0,3457687312.0,-8169000000.0,,-8.56,-8.57,-15653000000.0,-642000000.0,138024000000.0,-7379000000.0,-19571000000.0,,2513276000000.0,,30465000000.0
